GeoID2,District,Name,County,Total Population,White (NH),Black (NH),Hispanic, Asian and Pacific Islander (NH),Native American (NH),Other (NH),Total Population 18+,White 18+ (NH),Black 18+ (NH),Hispanic 18+,Asian and Pacific Islander 18+ (NH),Native American 18+ (NH),Other 18+ (NH)
100010414002,2,Block Group 2_ Tract 414,Kent,1309,134,1049,89,3,0,34,922,118,738,49,3,0,14
100010415002,2,Block Group 2_ Tract 415,Kent,1249,593,474,84,45,8,45,958,490,343,60,44,6,15
100010417011,2,Block Group 1_ Tract 41701,Kent,1813,1335,239,118,57,7,57,1384,1045,178,79,45,7,30
100010417012,2,Block Group 2_ Tract 41701,Kent,3985,2492,954,195,147,21,176,3100,2065,701,124,112,14,84
100010422011,2,Block Group 1_ Tract 42201,Kent,4261,2666,1027,257,104,14,193,2992,1987,694,146,80,10,75
100010422023,2,Block Group 3_ Tract 42202,Kent,2312,1836,277,97,27,13,62,1783,1439,213,66,26,7,32
100010402021,1,Block Group 1_ Tract 40202,Kent,4662,2992,1233,229,89,6,113,3394,2294,837,134,65,6,58
100010402022,1,Block Group 2_ Tract 40202,Kent,8101,5426,1865,364,202,40,204,5913,4131,1301,206,154,29,92
100010402031,1,Block Group 1_ Tract 40203,Kent,3550,1794,1383,198,32,7,136,2445,1387,861,124,21,6,46
100010405021,2,Block Group 1_ Tract 40502,Kent,713,555,84,35,13,10,16,568,450,67,22,11,10,8
100010432021,2,Block Group 1_ Tract 43202,Kent,1155,949,64,91,19,5,27,906,773,39,59,14,5,16
100010411002,2,Block Group 2_ Tract 411,Kent,1073,802,97,96,18,3,57,763,587,70,58,16,3,29
100010405012,2,Block Group 2_ Tract 40501,Kent,2574,699,1464,191,106,7,107,1899,595,1053,124,82,7,38
100010411001,2,Block Group 1_ Tract 411,Kent,2667,1695,331,422,65,1,153,1608,1067,211,226,50,1,53
100010412002,2,Block Group 2_ Tract 412,Kent,2397,919,956,237,168,11,106,1759,738,683,160,115,11,52
100010433003,2,Block Group 3_ Tract 433,Kent,1730,705,802,164,10,14,35,1334,617,583,98,9,10,17
100010407003,2,Block Group 3_ Tract 407,Kent,1649,900,493,82,71,20,83,1316,765,372,61,65,15,38
100010433002,2,Block Group 2_ Tract 433,Kent,1820,791,900,65,24,8,32,1597,719,780,51,18,7,22
100010407002,2,Block Group 2_ Tract 407,Kent,1449,486,837,72,10,5,39,979,411,502,34,9,5,18
100010412001,2,Block Group 1_ Tract 412,Kent,1809,1091,483,106,56,5,68,1327,856,338,60,42,5,26
100010405022,2,Block Group 2_ Tract 40502,Kent,1268,744,401,73,9,8,33,1021,674,270,48,8,7,14
100010405011,2,Block Group 1_ Tract 40501,Kent,2349,1478,496,222,37,38,78,1801,1209,370,128,33,35,26
100010409001,2,Block Group 1_ Tract 409,Kent,2561,1694,608,120,57,13,69,2275,1541,526,99,51,8,50
100010420001,2,Block Group 1_ Tract 42,Kent,1338,1213,51,26,12,4,32,1031,945,36,14,12,4,20
100010420002,2,Block Group 2_ Tract 42,Kent,1835,1633,125,29,5,4,39,1400,1264,95,17,5,4,15
100010421001,2,Block Group 1_ Tract 421,Kent,1618,1325,191,52,9,8,33,1273,1054,146,36,9,8,20
100010421002,2,Block Group 2_ Tract 421,Kent,2241,1756,289,67,75,8,46,1693,1362,210,42,54,5,20
100010422022,2,Block Group 2_ Tract 42202,Kent,4056,2801,765,279,67,9,135,2957,2138,555,158,47,9,50
100010432023,2,Block Group 3_ Tract 43202,Kent,976,831,63,57,7,3,15,799,699,48,35,3,3,11
100010422021,2,Block Group 1_ Tract 42202,Kent,2489,1783,458,112,53,15,68,1809,1324,326,65,43,14,37
100010422012,2,Block Group 2_ Tract 42201,Kent,3043,2082,600,181,80,5,95,2165,1531,430,99,60,3,42
100010422013,2,Block Group 3_ Tract 42201,Kent,2462,1414,751,158,20,9,110,1668,1044,476,83,18,5,42
100010418013,2,Block Group 3_ Tract 41801,Kent,3014,1785,834,110,150,14,121,2337,1449,626,86,112,10,54
100010418011,1,Block Group 1_ Tract 41801,Kent,3692,2120,942,196,68,168,198,2666,1617,658,108,42,151,90
100019900000,2,Block Group 0_ Tract 99,Kent,0,0,0,0,0,0,0,0,0,0,0,0,0,0
100010433001,2,Block Group 1_ Tract 433,Kent,2581,601,1718,121,33,17,91,2409,533,1647,108,29,14,78
100010413001,2,Block Group 1_ Tract 413,Kent,2068,911,898,145,28,15,71,1515,792,567,86,28,12,30
100010414001,2,Block Group 1_ Tract 414,Kent,2339,1195,786,187,80,9,82,1908,1010,644,141,66,8,39
100010415001,2,Block Group 1_ Tract 415,Kent,2626,1461,831,141,78,2,113,2009,1218,591,77,67,2,54
100010416001,2,Block Group 1_ Tract 416,Kent,2089,1607,269,110,40,15,48,1682,1339,198,74,35,12,24
100010418012,2,Block Group 2_ Tract 41801,Kent,2927,2247,415,107,55,38,65,2177,1698,312,69,50,29,19
100010417021,2,Block Group 1_ Tract 41702,Kent,2378,1607,415,114,148,13,81,1798,1253,318,71,105,9,42
100010417022,2,Block Group 2_ Tract 41702,Kent,1838,992,634,110,48,6,48,1368,773,460,71,38,3,23
100010419001,2,Block Group 1_ Tract 419,Kent,2891,2563,161,80,18,21,48,2159,1939,124,42,15,21,18
100010419002,2,Block Group 2_ Tract 419,Kent,2385,2117,108,97,7,13,43,1808,1628,77,66,6,9,22
100010407001,2,Block Group 1_ Tract 407,Kent,1726,1246,293,49,89,9,40,1402,1042,231,27,72,7,23
100010410002,2,Block Group 2_ Tract 41,Kent,3500,1696,1094,487,94,13,116,2640,1402,778,326,73,10,51
100010428001,2,Block Group 1_ Tract 428,Kent,2012,1814,80,30,10,9,69,1536,1420,47,19,9,7,34
100010428002,2,Block Group 2_ Tract 428,Kent,2779,2014,484,138,34,14,95,2118,1595,353,85,27,10,48
100010428003,2,Block Group 3_ Tract 428,Kent,2294,1768,320,102,24,12,68,1767,1410,243,51,16,10,37
100010429002,2,Block Group 2_ Tract 429,Kent,2560,2075,313,92,20,13,47,1967,1628,228,61,16,8,26
100010429001,2,Block Group 1_ Tract 429,Kent,2234,1734,339,75,30,5,51,1733,1370,257,49,28,4,25
100010430003,2,Block Group 3_ Tract 43,Kent,1535,1220,192,64,24,4,31,1174,961,137,41,20,4,11
100010430001,2,Block Group 1_ Tract 43,Kent,1737,1112,450,90,11,5,69,1239,849,296,53,10,2,29
100010430002,2,Block Group 2_ Tract 43,Kent,1954,1467,333,74,17,9,54,1436,1149,205,44,15,3,20
100010431001,2,Block Group 1_ Tract 431,Kent,983,914,33,22,1,0,13,761,714,26,12,1,0,8
100010431002,2,Block Group 2_ Tract 431,Kent,1647,1502,88,24,11,6,16,1240,1153,61,10,7,3,6
100010401001,1,Block Group 1_ Tract 401,Kent,2637,2247,238,89,16,17,30,1945,1676,180,51,12,13,13
100010401002,1,Block Group 2_ Tract 401,Kent,2174,1844,158,116,14,12,30,1675,1440,130,74,7,11,13
100010401003,1,Block Group 3_ Tract 401,Kent,1730,1478,128,42,9,44,29,1306,1114,109,26,8,35,14
100010432022,2,Block Group 2_ Tract 43202,Kent,659,565,38,29,1,8,18,539,470,29,21,1,7,11
100010432024,2,Block Group 4_ Tract 43202,Kent,1000,846,74,56,1,0,23,768,670,56,31,1,0,10
100010425001,2,Block Group 1_ Tract 425,Kent,1467,844,264,285,17,7,50,1079,676,189,172,16,7,19
100010434002,2,Block Group 2_ Tract 434,Kent,2772,2124,378,168,33,14,55,2167,1758,255,101,26,11,16
100010434001,2,Block Group 1_ Tract 434,Kent,1374,937,251,111,13,5,57,1025,728,199,66,9,5,18
100010425002,2,Block Group 2_ Tract 425,Kent,1988,553,1023,328,23,6,55,1403,457,705,198,18,5,20
100010418021,2,Block Group 1_ Tract 41802,Kent,3478,2039,966,164,126,14,169,2456,1533,651,87,99,14,72
100010402032,1,Block Group 2_ Tract 40203,Kent,1467,1201,122,63,45,8,28,1125,933,97,40,35,8,12
100010402011,1,Block Group 1_ Tract 40201,Kent,2666,2114,320,132,20,7,73,1900,1545,230,75,18,4,28
100010418022,2,Block Group 2_ Tract 41802,Kent,1725,1327,190,45,129,0,34,1316,1036,142,34,86,0,18
100010402012,1,Block Group 2_ Tract 40201,Kent,2375,1408,690,180,10,8,79,1708,1071,483,113,9,5,27
100010410001,2,Block Group 1_ Tract 41,Kent,2495,982,1132,205,68,7,101,1831,838,759,135,54,7,38
100050507011,2,Block Group 1_ Tract 50701,Sussex,2326,1698,392,81,12,87,56,1941,1448,323,53,8,71,38
100050508031,2,Block Group 1_ Tract 50803,Sussex,1255,1098,114,16,7,10,10,1077,959,92,12,4,4,6
100050508032,2,Block Group 2_ Tract 50803,Sussex,1737,1602,36,26,41,5,27,1441,1347,30,18,33,4,9
100050508033,2,Block Group 3_ Tract 50803,Sussex,1372,1147,70,99,5,8,43,1193,1038,60,62,4,7,22
100050508022,2,Block Group 2_ Tract 50802,Sussex,2778,2058,478,165,22,24,31,2163,1657,351,104,17,23,11
100050504012,2,Block Group 2_ Tract 50401,Sussex,1565,1433,59,34,11,3,25,1246,1164,44,23,5,3,7
100050507012,2,Block Group 2_ Tract 50701,Sussex,1258,622,348,170,0,69,49,1010,548,259,114,0,63,26
100050504011,2,Block Group 1_ Tract 50401,Sussex,2229,1561,513,79,14,8,54,1609,1227,308,38,12,7,17
100050504062,2,Block Group 2_ Tract 50406,Sussex,1564,696,648,127,42,1,50,1090,576,389,75,31,1,18
100050504071,2,Block Group 1_ Tract 50407,Sussex,1402,1026,269,57,35,1,14,1133,861,210,31,26,0,5
100050504052,2,Block Group 2_ Tract 50405,Sussex,1876,1405,334,76,36,6,19,1469,1147,229,46,27,6,14
100050513011,2,Block Group 1_ Tract 51301,Sussex,1552,1490,15,20,3,2,22,1276,1232,11,18,2,2,11
100050513022,2,Block Group 2_ Tract 51302,Sussex,1309,1168,32,81,15,3,10,1087,984,29,50,13,3,8
100030107021,1,Block Group 1_ Tract 10702,New Castle,1110,597,393,68,13,3,36,809,525,218,38,13,3,12
100030107024,1,Block Group 4_ Tract 10702,New Castle,648,522,83,20,10,0,13,529,439,65,12,7,0,6
100030112011,1,Block Group 1_ Tract 11201,New Castle,1015,859,50,21,70,0,15,792,663,41,17,63,0,8
100030115002,1,Block Group 2_ Tract 115,New Castle,792,669,28,38,46,2,9,654,548,24,30,43,2,7
100030115001,1,Block Group 1_ Tract 115,New Castle,998,860,35,23,54,4,22,793,699,28,15,44,1,6
100030115003,1,Block Group 3_ Tract 115,New Castle,1026,919,28,14,47,2,16,809,734,20,10,35,2,8
100030117004,1,Block Group 4_ Tract 117,New Castle,1060,966,13,18,47,0,16,865,793,9,14,42,0,7
100030149081,1,Block Group 1_ Tract 14908,New Castle,2209,561,1265,194,94,5,90,1599,486,854,124,79,5,51
100030149042,1,Block Group 2_ Tract 14904,New Castle,2684,1295,1003,209,89,7,81,2036,1059,730,123,75,6,43
100030149031,1,Block Group 1_ Tract 14903,New Castle,2340,916,921,380,54,5,64,1738,761,651,247,45,5,29
100030149034,1,Block Group 4_ Tract 14903,New Castle,3245,462,1856,764,42,4,117,2075,368,1141,494,32,3,37
100030149033,1,Block Group 3_ Tract 14903,New Castle,768,378,38,327,1,0,24,526,291,33,189,1,0,12
100030149032,1,Block Group 2_ Tract 14903,New Castle,780,378,28,369,1,0,4,511,284,21,203,1,0,2
100030150002,1,Block Group 2_ Tract 15,New Castle,688,548,68,53,12,1,6,540,442,50,33,12,1,2
100030150001,1,Block Group 1_ Tract 15,New Castle,2213,930,888,318,20,4,53,1735,792,676,224,19,4,20
100030139041,1,Block Group 1_ Tract 13904,New Castle,3070,1495,745,126,623,3,78,2297,1177,553,90,440,3,34
100030140004,1,Block Group 4_ Tract 14,New Castle,1895,1129,301,186,247,3,29,1541,963,234,118,213,0,13
100030024004,1,Block Group 4_ Tract 24,New Castle,1039,867,107,38,5,4,18,854,739,77,25,5,1,7
100030025003,1,Block Group 3_ Tract 25,New Castle,789,413,236,121,8,1,10,622,354,183,73,8,1,3
100030027001,1,Block Group 1_ Tract 27,New Castle,832,175,452,175,5,0,25,557,161,285,98,5,0,8
100030030021,1,Block Group 1_ Tract 3002,New Castle,372,11,321,40,0,0,0,201,9,176,16,0,0,0
100030028001,1,Block Group 1_ Tract 28,New Castle,1365,378,825,85,32,9,36,1187,365,673,77,31,9,32
100030149061,1,Block Group 1_ Tract 14906,New Castle,1661,779,525,272,33,4,48,1278,651,409,166,24,4,24
100030163023,1,Block Group 3_ Tract 16302,New Castle,3018,1117,1322,297,179,7,96,2116,862,894,184,126,5,45
100030163022,1,Block Group 2_ Tract 16302,New Castle,1564,785,428,249,69,2,31,1219,686,327,134,54,2,16
100030149092,1,Block Group 2_ Tract 14909,New Castle,1847,740,758,257,48,1,43,1418,614,576,164,41,1,22
100030149094,1,Block Group 4_ Tract 14909,New Castle,1209,240,677,164,98,2,28,892,209,495,102,71,1,14
100050514002,2,Block Group 2_ Tract 514,Sussex,1387,683,231,420,27,0,26,1021,561,161,270,18,0,11
100050515004,2,Block Group 4_ Tract 515,Sussex,757,561,126,46,9,2,13,578,440,97,30,5,2,4
100050515003,2,Block Group 3_ Tract 515,Sussex,978,807,67,64,0,9,31,770,657,49,44,0,7,13
100050515001,2,Block Group 1_ Tract 515,Sussex,1260,946,234,66,5,1,8,998,781,173,35,4,1,4
100050515002,2,Block Group 2_ Tract 515,Sussex,2097,1134,488,428,19,2,26,1642,949,397,271,13,2,10
100050501012,2,Block Group 2_ Tract 50101,Sussex,1677,1297,198,129,14,5,34,1266,1033,127,77,9,5,15
100050501011,2,Block Group 1_ Tract 50101,Sussex,2092,1905,49,93,15,5,25,1639,1519,40,58,7,4,11
100050501032,2,Block Group 2_ Tract 50103,Sussex,1886,1695,87,64,16,9,15,1509,1371,69,38,14,8,9
100050503011,2,Block Group 1_ Tract 50301,Sussex,1628,1279,216,80,13,7,33,1264,1021,164,53,9,7,10
100050503012,2,Block Group 2_ Tract 50301,Sussex,3018,2282,503,140,12,12,69,2302,1793,375,93,9,5,27
100050508011,2,Block Group 1_ Tract 50801,Sussex,1552,1250,125,135,11,9,22,1174,983,88,82,10,7,4
100050503021,2,Block Group 1_ Tract 50302,Sussex,2946,2428,220,210,19,2,67,2260,1953,144,120,14,2,27
100050503013,2,Block Group 3_ Tract 50301,Sussex,2271,1335,528,340,6,4,58,1722,1136,353,199,4,4,26
100050501051,2,Block Group 1_ Tract 50105,Sussex,3301,1992,666,555,17,12,59,2376,1573,457,300,14,11,21
100050504081,2,Block Group 1_ Tract 50408,Sussex,2780,1922,460,289,19,8,82,2129,1580,352,154,13,7,23
100050517012,2,Block Group 2_ Tract 51701,Sussex,2634,2331,132,81,39,7,44,2032,1828,98,49,25,6,26
100050501031,2,Block Group 1_ Tract 50103,Sussex,2559,2093,200,151,70,10,35,2069,1743,152,101,50,7,16
100050505012,2,Block Group 2_ Tract 50501,Sussex,2270,1688,256,286,1,10,29,1766,1371,207,167,1,10,10
100050504072,2,Block Group 2_ Tract 50407,Sussex,1133,287,731,95,8,0,12,837,232,534,61,5,0,5
100050503022,2,Block Group 2_ Tract 50302,Sussex,2049,1022,464,485,9,6,63,1395,782,309,267,7,6,24
100050504051,2,Block Group 1_ Tract 50405,Sussex,1837,1405,218,117,50,2,45,1421,1139,149,75,36,2,20
100050517011,2,Block Group 1_ Tract 51701,Sussex,1350,1165,105,29,17,6,28,1018,906,67,15,14,3,13
100050506011,2,Block Group 1_ Tract 50601,Sussex,2719,2191,174,274,30,7,43,2021,1701,117,159,22,5,17
100050508012,2,Block Group 2_ Tract 50801,Sussex,2017,1434,300,201,15,11,56,1563,1191,204,133,11,7,17
100050505041,2,Block Group 1_ Tract 50504,Sussex,2525,1399,828,234,33,6,25,2333,1284,810,188,25,6,20
100050505043,2,Block Group 3_ Tract 50504,Sussex,1797,1497,112,132,7,11,38,1389,1204,87,67,6,9,16
100050506023,2,Block Group 3_ Tract 50602,Sussex,1832,982,530,244,24,4,48,1333,810,341,145,19,4,14
100030148102,1,Block Group 2_ Tract 1481,New Castle,2311,1635,461,86,55,4,70,1782,1307,341,50,44,4,36
100030137001,1,Block Group 1_ Tract 137,New Castle,1025,817,45,100,38,3,22,792,660,35,62,27,1,7
100030142001,1,Block Group 1_ Tract 142,New Castle,1627,1333,97,97,65,1,34,1310,1104,75,58,55,1,17
100030143003,1,Block Group 3_ Tract 143,New Castle,3817,3114,271,213,129,6,84,3703,3022,266,203,129,6,77
100030144033,1,Block Group 3_ Tract 14403,New Castle,1658,817,323,150,313,3,52,1409,745,223,102,300,3,36
100030145022,1,Block Group 2_ Tract 14502,New Castle,3617,3053,143,173,163,3,82,3564,3029,123,168,162,3,79
100030152001,1,Block Group 1_ Tract 152,New Castle,1621,566,363,598,16,7,71,1196,473,275,388,15,3,42
100030152003,1,Block Group 3_ Tract 152,New Castle,859,590,131,102,10,2,24,666,476,96,71,10,1,12
100030152004,1,Block Group 4_ Tract 152,New Castle,937,604,112,185,12,5,19,671,458,78,117,8,1,9
100030154001,1,Block Group 1_ Tract 154,New Castle,1237,57,1026,121,1,4,28,896,47,759,71,1,4,14
100030154002,1,Block Group 2_ Tract 154,New Castle,1953,87,1646,191,0,7,22,1449,71,1262,99,0,4,13
100030148031,1,Block Group 1_ Tract 14803,New Castle,2585,1930,194,122,255,4,80,2061,1580,143,89,207,3,39
100030150003,1,Block Group 3_ Tract 15,New Castle,942,720,116,61,21,3,21,729,578,80,39,18,3,11
100030002003,1,Block Group 3_ Tract 2,New Castle,896,96,742,14,2,0,42,736,88,603,14,2,0,29
100030002001,1,Block Group 1_ Tract 2,New Castle,751,369,321,25,12,3,21,598,295,262,17,10,1,13
100030002002,1,Block Group 2_ Tract 2,New Castle,796,118,634,18,1,0,25,595,93,486,7,0,0,9
100030002004,1,Block Group 4_ Tract 2,New Castle,654,53,559,17,5,3,17,484,51,407,11,4,3,8
100030002006,1,Block Group 6_ Tract 2,New Castle,1381,193,1080,57,17,3,31,1023,168,787,38,11,3,16
100030002005,1,Block Group 5_ Tract 2,New Castle,960,64,852,26,2,1,15,713,54,627,17,2,1,12
100030003002,1,Block Group 2_ Tract 3,New Castle,827,167,597,32,15,2,14,592,140,411,21,10,2,8
100030003004,1,Block Group 4_ Tract 3,New Castle,1161,56,1013,56,0,8,28,833,55,719,32,0,6,21
100030003003,1,Block Group 3_ Tract 3,New Castle,655,18,604,18,2,1,12,467,13,436,8,2,1,7
100030003001,1,Block Group 1_ Tract 3,New Castle,551,225,288,15,10,0,13,445,196,221,10,8,0,10
100030135051,1,Block Group 1_ Tract 13505,New Castle,781,650,26,11,83,0,11,556,460,16,6,66,0,8
100030169042,1,Block Group 2_ Tract 16904,New Castle,1521,1392,65,36,9,1,18,1232,1138,51,28,5,1,9
100030136142,1,Block Group 2_ Tract 13614,New Castle,2368,1269,222,811,28,3,35,1737,1039,158,502,20,2,16
100030136141,1,Block Group 1_ Tract 13614,New Castle,764,645,41,30,43,0,5,620,539,25,22,33,0,1
100030015001,1,Block Group 1_ Tract 15,New Castle,776,539,166,40,11,0,20,681,489,146,26,10,0,10
100030105023,1,Block Group 3_ Tract 10502,New Castle,796,732,36,9,6,2,11,622,579,23,5,5,2,8
100030148093,1,Block Group 3_ Tract 14809,New Castle,1020,665,268,33,26,5,23,802,536,203,23,25,2,13
100050506022,2,Block Group 2_ Tract 50602,Sussex,1662,1097,320,106,69,5,65,1310,940,219,66,51,5,29
100050507032,2,Block Group 2_ Tract 50703,Sussex,1048,720,123,119,6,54,26,854,626,97,70,5,48,8
100050507031,2,Block Group 1_ Tract 50703,Sussex,988,709,152,28,2,63,34,857,637,126,19,2,57,16
100050513012,2,Block Group 2_ Tract 51301,Sussex,1699,1644,11,30,3,0,11,1444,1401,9,24,3,0,7
100050507061,2,Block Group 1_ Tract 50706,Sussex,579,536,7,27,4,0,5,503,473,5,18,4,0,3
100050507053,2,Block Group 3_ Tract 50705,Sussex,961,838,41,64,3,3,12,809,724,27,47,2,3,6
100050513031,2,Block Group 1_ Tract 51303,Sussex,1702,1564,31,68,19,5,15,1465,1367,24,42,18,5,9
100050507041,2,Block Group 1_ Tract 50704,Sussex,2091,1704,147,118,20,17,85,1726,1482,103,77,15,15,34
100050507062,2,Block Group 2_ Tract 50706,Sussex,873,836,15,16,0,2,4,794,767,12,10,0,2,3
100050510062,2,Block Group 2_ Tract 51006,Sussex,1461,1355,23,54,19,2,8,1255,1178,22,36,12,2,5
100050510032,2,Block Group 2_ Tract 51003,Sussex,1669,1442,66,101,21,9,30,1455,1301,44,70,18,6,16
100050511032,2,Block Group 2_ Tract 51103,Sussex,306,277,7,17,3,1,1,270,247,5,13,3,1,1
100050511021,2,Block Group 1_ Tract 51102,Sussex,299,287,2,7,0,3,0,283,273,2,5,0,3,0
100030147021,1,Block Group 1_ Tract 14702,New Castle,1927,1406,270,125,73,5,48,1495,1139,200,72,60,5,19
100030147062,1,Block Group 2_ Tract 14706,New Castle,1919,631,837,306,50,5,90,1280,479,551,180,34,3,33
100030148032,1,Block Group 2_ Tract 14803,New Castle,1342,1084,130,56,52,0,20,1126,929,101,42,40,0,14
100030141002,1,Block Group 2_ Tract 141,New Castle,1308,984,162,97,21,12,32,1019,811,109,61,17,8,13
100030141001,1,Block Group 1_ Tract 141,New Castle,1192,926,135,78,20,0,33,903,738,98,44,15,0,8
100030155021,1,Block Group 1_ Tract 15502,New Castle,2051,332,1418,247,10,4,40,1484,272,1024,156,10,3,19
100030156001,1,Block Group 1_ Tract 156,New Castle,694,375,156,138,6,2,17,516,312,111,80,4,2,7
100030159001,1,Block Group 1_ Tract 159,New Castle,1202,797,240,133,5,5,22,930,651,185,79,3,2,10
100030166012,1,Block Group 2_ Tract 16601,New Castle,1810,1645,76,55,13,1,20,1343,1214,68,41,8,1,11
100030166013,1,Block Group 3_ Tract 16601,New Castle,5743,3421,1599,433,142,8,140,4269,2789,1046,264,102,6,62
100030166081,1,Block Group 1_ Tract 16608,New Castle,1861,1558,217,31,15,8,32,1407,1202,150,22,11,7,15
100030160001,1,Block Group 1_ Tract 16,New Castle,2801,904,1484,301,30,16,66,2080,744,1093,180,27,11,25
100030004002,1,Block Group 2_ Tract 4,New Castle,1321,289,898,80,23,6,25,987,251,651,54,13,3,15
100030004003,1,Block Group 3_ Tract 4,New Castle,744,392,292,31,8,1,20,641,328,265,27,8,1,12
100030004001,1,Block Group 1_ Tract 4,New Castle,891,573,270,24,9,1,14,758,491,234,18,6,1,8
100030005004,1,Block Group 4_ Tract 5,New Castle,774,150,584,24,1,0,15,610,136,445,16,0,0,13
100030005001,1,Block Group 1_ Tract 5,New Castle,991,30,910,24,8,3,16,658,25,606,10,6,1,10
100030005002,1,Block Group 2_ Tract 5,New Castle,1116,22,1000,75,1,2,16,804,21,724,45,1,2,11
100030005003,1,Block Group 3_ Tract 5,New Castle,766,23,680,28,9,9,17,536,23,471,20,6,4,12
100030006011,1,Block Group 1_ Tract 601,New Castle,1185,116,1008,42,1,0,18,916,114,761,33,1,0,7
100030006012,1,Block Group 2_ Tract 601,New Castle,856,34,753,45,0,2,22,622,31,550,31,0,2,8
100030006013,1,Block Group 3_ Tract 601,New Castle,869,10,789,46,8,1,15,569,9,522,27,8,0,3
100030006021,1,Block Group 1_ Tract 602,New Castle,935,19,861,22,6,6,21,704,17,653,11,3,5,15
100030148084,1,Block Group 4_ Tract 14808,New Castle,736,379,256,23,63,1,14,574,302,198,23,43,1,7
100030148073,1,Block Group 3_ Tract 14807,New Castle,3003,1851,668,202,188,3,91,2370,1559,480,128,153,3,47
100030162001,1,Block Group 1_ Tract 162,New Castle,645,563,47,20,3,0,12,549,482,40,19,3,0,5
100030161002,1,Block Group 2_ Tract 161,New Castle,785,699,46,14,18,3,5,696,630,37,10,14,3,2
100030158021,1,Block Group 1_ Tract 15802,New Castle,906,436,181,262,3,4,20,643,340,135,155,3,4,6
100050511022,2,Block Group 2_ Tract 51102,Sussex,542,510,4,23,4,0,1,509,477,4,23,4,0,1
100050510051,2,Block Group 1_ Tract 51005,Sussex,2591,2233,135,78,43,49,53,2160,1907,109,45,33,38,28
100050510031,2,Block Group 1_ Tract 51003,Sussex,1634,1455,55,69,27,2,26,1370,1256,38,49,16,2,9
100050511033,2,Block Group 3_ Tract 51103,Sussex,55,53,0,0,0,0,2,48,46,0,0,0,0,2
100050509023,2,Block Group 3_ Tract 50902,Sussex,497,483,5,1,2,1,5,434,422,5,1,2,1,3
100050509021,2,Block Group 1_ Tract 50902,Sussex,1857,1650,138,41,11,2,15,1707,1530,131,29,10,2,5
100050509011,2,Block Group 1_ Tract 50901,Sussex,2244,2029,56,80,40,7,32,1907,1739,47,63,32,7,19
100050509022,2,Block Group 2_ Tract 50902,Sussex,1889,1594,130,74,5,8,78,1590,1414,87,50,5,7,27
100050510042,2,Block Group 2_ Tract 51004,Sussex,1994,1744,80,62,62,10,36,1758,1591,61,44,42,8,12
100050507051,2,Block Group 1_ Tract 50705,Sussex,1680,1623,8,27,0,4,18,1515,1472,8,20,0,4,11
100050510041,2,Block Group 1_ Tract 51004,Sussex,2206,1888,115,75,59,28,41,1820,1579,100,50,45,21,25
100050512041,2,Block Group 1_ Tract 51204,Sussex,263,258,0,1,0,0,4,252,247,0,1,0,0,4
100050513033,2,Block Group 3_ Tract 51303,Sussex,1240,1118,14,77,10,3,18,1072,988,12,51,8,3,10
100050513052,2,Block Group 2_ Tract 51305,Sussex,550,540,2,1,1,2,4,519,511,1,1,1,2,3
100050513063,2,Block Group 3_ Tract 51306,Sussex,500,466,5,7,6,0,16,433,413,5,6,4,0,5
100050513051,2,Block Group 1_ Tract 51305,Sussex,1251,1193,10,18,6,10,14,1115,1075,6,14,5,8,7
100050514001,2,Block Group 1_ Tract 514,Sussex,2191,1309,329,474,41,4,34,1661,1063,265,291,28,2,12
100050513053,2,Block Group 3_ Tract 51305,Sussex,961,816,32,96,3,3,11,764,664,32,60,1,3,4
100050513061,2,Block Group 1_ Tract 51306,Sussex,1323,1224,45,14,23,10,7,1169,1100,40,10,14,2,3
100030141003,1,Block Group 3_ Tract 141,New Castle,2357,946,937,326,47,7,94,1510,719,545,174,38,2,32
100030147033,1,Block Group 3_ Tract 14703,New Castle,1815,1020,337,304,89,11,54,1388,849,244,191,67,9,28
100030147034,1,Block Group 4_ Tract 14703,New Castle,752,541,65,112,13,0,21,579,434,42,77,10,0,16
100030147031,1,Block Group 1_ Tract 14703,New Castle,1272,871,158,173,31,2,37,1028,748,124,108,27,2,19
100030147032,1,Block Group 2_ Tract 14703,New Castle,881,602,113,120,18,1,27,690,508,90,72,9,1,10
100030147051,1,Block Group 1_ Tract 14705,New Castle,1146,863,103,126,24,0,30,870,665,86,84,22,0,13
100030144022,1,Block Group 2_ Tract 14402,New Castle,2349,1645,164,105,377,8,50,2083,1458,139,89,359,7,31
100030144021,1,Block Group 1_ Tract 14402,New Castle,871,720,26,28,82,0,15,805,669,22,25,76,0,13
100030161001,1,Block Group 1_ Tract 161,New Castle,1169,678,417,40,7,3,24,925,576,312,23,3,3,8
100030162003,1,Block Group 3_ Tract 162,New Castle,869,638,129,88,1,1,12,667,517,92,52,0,1,5
100030163021,1,Block Group 1_ Tract 16302,New Castle,2852,1432,1042,179,145,0,54,2080,1113,737,102,109,0,19
100030163052,1,Block Group 2_ Tract 16305,New Castle,2430,1003,1074,226,74,3,50,1873,839,812,147,51,3,21
100030163051,1,Block Group 1_ Tract 16305,New Castle,3804,869,2180,283,360,5,107,2791,696,1564,195,277,2,57
100030162002,1,Block Group 2_ Tract 162,New Castle,1174,726,337,61,21,5,24,954,622,264,42,16,2,8
100030006022,1,Block Group 2_ Tract 602,New Castle,978,19,911,25,0,1,22,685,18,641,16,0,1,9
100030006023,1,Block Group 3_ Tract 602,New Castle,736,134,536,34,6,5,21,554,126,387,21,4,2,14
100030030022,1,Block Group 2_ Tract 3002,New Castle,700,6,640,46,0,0,8,349,4,323,18,0,0,4
100030030023,1,Block Group 3_ Tract 3002,New Castle,2203,540,1510,139,4,0,10,1990,536,1326,119,3,0,6
100030009003,1,Block Group 3_ Tract 9,New Castle,535,31,450,44,2,0,8,390,28,330,26,2,0,4
100030009001,1,Block Group 1_ Tract 9,New Castle,780,13,721,28,5,3,10,505,12,467,15,3,3,5
100030009002,1,Block Group 2_ Tract 9,New Castle,908,15,812,67,1,1,12,604,13,534,47,1,1,8
100030028002,1,Block Group 2_ Tract 28,New Castle,552,354,150,26,11,0,11,480,323,119,18,11,0,9
100030011001,1,Block Group 1_ Tract 11,New Castle,1262,1005,163,34,38,0,22,1189,952,150,31,35,0,21
100030011003,1,Block Group 3_ Tract 11,New Castle,936,725,138,37,22,4,10,911,711,128,36,22,4,10
100030138001,1,Block Group 1_ Tract 138,New Castle,2248,1785,192,188,49,2,32,1766,1469,138,107,39,1,12
100030022001,1,Block Group 1_ Tract 22,New Castle,1449,77,662,684,2,5,19,957,64,432,446,2,3,10
100030023003,1,Block Group 3_ Tract 23,New Castle,1216,223,552,420,8,0,13,879,201,405,261,6,0,6
100030124001,1,Block Group 1_ Tract 124,New Castle,1524,980,118,376,12,12,26,1158,831,86,213,10,6,12
100030122004,1,Block Group 4_ Tract 122,New Castle,1715,1135,99,434,23,2,22,1312,944,75,266,16,2,9
100030158022,1,Block Group 2_ Tract 15802,New Castle,1510,837,150,472,18,2,31,1103,696,106,278,12,1,10
100030136153,1,Block Group 3_ Tract 13615,New Castle,1414,1075,27,282,7,4,19,1290,1018,25,222,7,2,16
100030143002,1,Block Group 2_ Tract 143,New Castle,1592,1281,113,36,139,0,23,1393,1119,101,26,131,0,16
100030144041,1,Block Group 1_ Tract 14404,New Castle,2565,2033,178,82,211,1,60,2087,1681,137,63,170,1,35
100050505032,2,Block Group 2_ Tract 50503,Sussex,1586,729,280,537,15,2,23,1210,644,206,338,10,2,10
100050504061,2,Block Group 1_ Tract 50406,Sussex,1227,871,187,105,25,12,27,931,698,128,69,20,9,7
100050507063,2,Block Group 3_ Tract 50706,Sussex,54,54,0,0,0,0,0,53,53,0,0,0,0,0
100050507054,2,Block Group 4_ Tract 50705,Sussex,198,193,2,0,0,0,3,184,179,2,0,0,0,3
100050510072,2,Block Group 2_ Tract 51007,Sussex,1433,1339,34,27,16,2,15,1301,1229,27,21,15,2,7
100050510061,2,Block Group 1_ Tract 51006,Sussex,1263,1207,17,20,5,0,14,1106,1073,13,11,4,0,5
100050511031,2,Block Group 1_ Tract 51103,Sussex,539,517,6,12,2,0,2,494,474,6,11,1,0,2
100030026002,1,Block Group 2_ Tract 26,New Castle,1114,226,531,330,9,3,15,775,198,347,215,8,2,5
100030027002,1,Block Group 2_ Tract 27,New Castle,1276,263,509,458,3,1,42,885,226,350,284,3,0,22
100030144032,1,Block Group 2_ Tract 14403,New Castle,2267,1910,81,128,102,2,44,2141,1799,79,127,96,2,38
100030144031,1,Block Group 1_ Tract 14403,New Castle,1312,1034,89,87,56,2,44,1011,836,61,43,48,2,21
100030144042,1,Block Group 2_ Tract 14404,New Castle,908,758,63,53,21,4,9,730,620,46,36,18,3,7
100030145011,1,Block Group 1_ Tract 14501,New Castle,2113,1794,90,101,71,4,53,2065,1775,75,94,71,3,47
100030145021,1,Block Group 1_ Tract 14502,New Castle,2822,2450,102,126,101,0,43,2750,2400,87,125,97,0,41
100030135062,1,Block Group 2_ Tract 13506,New Castle,2262,1982,59,35,158,0,28,1649,1441,46,21,129,0,12
100030120002,1,Block Group 2_ Tract 12,New Castle,1760,1352,114,235,31,2,26,1391,1111,86,154,27,1,12
100030120003,1,Block Group 3_ Tract 12,New Castle,1654,662,446,427,88,3,28,1270,552,356,273,68,3,18
100030151001,1,Block Group 1_ Tract 151,New Castle,2677,1887,418,301,20,10,41,2083,1533,294,212,18,7,19
100030151002,1,Block Group 2_ Tract 151,New Castle,773,567,112,70,6,0,18,628,477,95,40,2,0,14
100030166042,1,Block Group 2_ Tract 16604,New Castle,5254,3514,1096,250,212,11,171,3597,2495,738,152,145,6,61
100030166041,1,Block Group 1_ Tract 16604,New Castle,3187,1379,1249,415,51,2,91,2119,983,816,257,36,2,25
100030152005,1,Block Group 5_ Tract 152,New Castle,1546,824,459,222,14,1,26,1231,716,363,128,12,1,11
100030118001,1,Block Group 1_ Tract 118,New Castle,1500,1170,107,67,129,0,27,1185,950,77,41,102,0,15
100030118002,1,Block Group 2_ Tract 118,New Castle,2677,2483,45,45,78,2,24,2172,2031,35,27,65,2,12
100030136111,1,Block Group 1_ Tract 13611,New Castle,2435,1706,308,137,204,2,78,1952,1428,217,97,158,2,50
100030105021,1,Block Group 1_ Tract 10502,New Castle,1022,891,66,33,22,0,10,829,730,53,25,15,0,6
100030011002,1,Block Group 2_ Tract 11,New Castle,1062,800,185,37,27,2,11,1023,779,178,31,25,2,8
100030012002,1,Block Group 2_ Tract 12,New Castle,809,677,72,26,12,0,22,749,637,63,22,9,0,18
100030012001,1,Block Group 1_ Tract 12,New Castle,720,638,39,22,9,2,10,643,571,36,19,7,2,8
100030013001,1,Block Group 1_ Tract 13,New Castle,1062,1001,17,19,17,0,8,936,886,15,17,14,0,4
100030013002,1,Block Group 2_ Tract 13,New Castle,672,633,11,13,6,2,7,545,515,11,9,4,2,4
100030013004,1,Block Group 4_ Tract 13,New Castle,1024,978,11,10,12,1,12,837,810,9,6,6,1,5
100030013003,1,Block Group 3_ Tract 13,New Castle,710,666,20,10,3,3,8,533,507,16,5,3,1,1
100030014002,1,Block Group 2_ Tract 14,New Castle,1358,543,528,240,17,4,26,1098,493,418,149,15,4,19
100030014001,1,Block Group 1_ Tract 14,New Castle,794,651,109,17,12,0,5,687,577,89,10,10,0,1
100030016003,1,Block Group 3_ Tract 16,New Castle,821,55,599,145,3,2,17,509,44,375,77,3,2,8
100030156002,1,Block Group 2_ Tract 156,New Castle,1644,256,918,432,3,0,35,1230,203,741,275,2,0,9
100050512052,2,Block Group 2_ Tract 51205,Sussex,342,326,3,3,1,0,9,326,313,3,3,1,0,6
100050512051,2,Block Group 1_ Tract 51205,Sussex,357,348,1,4,2,1,1,328,321,1,4,0,1,1
100050507042,2,Block Group 2_ Tract 50704,Sussex,1840,1609,86,67,31,8,39,1603,1460,61,37,24,5,16
100050507052,2,Block Group 2_ Tract 50705,Sussex,1514,1312,48,109,6,4,35,1211,1094,33,66,5,4,9
100050511013,2,Block Group 3_ Tract 51101,Sussex,323,302,0,16,4,0,1,302,283,0,14,4,0,1
100050511011,2,Block Group 1_ Tract 51101,Sussex,147,140,0,6,1,0,0,135,129,0,5,1,0,0
100030136112,1,Block Group 2_ Tract 13611,New Castle,2193,1844,107,127,85,1,29,1766,1504,82,93,69,1,17
100030136101,1,Block Group 1_ Tract 1361,New Castle,1514,1297,28,36,131,1,21,1075,928,20,25,93,1,8
100030135034,1,Block Group 4_ Tract 13503,New Castle,1187,900,54,28,187,1,17,845,646,41,17,136,1,4
100030126001,1,Block Group 1_ Tract 126,New Castle,1019,747,53,173,25,2,19,772,588,45,112,15,2,10
100030126002,1,Block Group 2_ Tract 126,New Castle,848,740,22,65,4,0,17,667,606,15,36,2,0,8
100030127003,1,Block Group 3_ Tract 127,New Castle,969,633,60,264,3,0,9,745,535,44,158,3,0,5
100030105025,1,Block Group 5_ Tract 10502,New Castle,1148,801,224,70,20,2,31,865,655,140,41,17,1,11
100030127002,1,Block Group 2_ Tract 127,New Castle,607,514,18,52,7,0,16,481,428,10,34,5,0,4
100030147061,1,Block Group 1_ Tract 14706,New Castle,1055,673,205,31,104,2,40,790,530,147,23,72,2,16
100030120001,1,Block Group 1_ Tract 12,New Castle,1005,929,19,30,17,0,10,855,796,18,20,15,0,6
100030121002,1,Block Group 2_ Tract 121,New Castle,1418,805,174,396,21,3,19,1049,675,123,227,15,3,6
100030121003,1,Block Group 3_ Tract 121,New Castle,640,520,34,72,12,0,2,488,401,25,49,12,0,1
100030121001,1,Block Group 1_ Tract 121,New Castle,1094,874,151,37,16,0,16,790,715,30,21,14,0,10
100030152002,1,Block Group 2_ Tract 152,New Castle,966,573,104,245,22,4,18,723,473,77,142,18,4,9
100030135014,1,Block Group 4_ Tract 13501,New Castle,2647,2377,73,41,129,1,26,2260,2049,63,25,113,1,9
100030135011,1,Block Group 1_ Tract 13501,New Castle,1328,1188,11,23,89,0,17,984,882,7,19,68,0,8
100030135013,1,Block Group 3_ Tract 13501,New Castle,1591,1469,23,31,56,1,11,1200,1114,19,20,40,0,7
100030135012,1,Block Group 2_ Tract 13501,New Castle,1036,926,66,24,9,0,11,863,774,59,17,8,0,5
100030135032,1,Block Group 2_ Tract 13503,New Castle,2159,1870,75,89,89,9,27,1649,1457,61,50,66,6,9
100030135033,1,Block Group 3_ Tract 13503,New Castle,1855,1562,37,62,162,4,28,1408,1214,26,31,120,2,15
100030135063,1,Block Group 3_ Tract 13506,New Castle,1716,1431,58,45,160,1,21,1245,1060,35,30,113,1,6
100030019022,1,Block Group 2_ Tract 1902,New Castle,1262,341,735,101,61,1,23,910,334,435,67,54,1,19
100030016001,1,Block Group 1_ Tract 16,New Castle,903,263,539,61,5,4,31,713,236,402,48,5,2,20
100030016002,1,Block Group 2_ Tract 16,New Castle,663,66,500,81,3,0,13,497,65,357,61,3,0,11
100030029003,1,Block Group 3_ Tract 29,New Castle,1049,41,930,54,4,7,13,824,41,723,43,4,4,9
100030029004,1,Block Group 4_ Tract 29,New Castle,944,11,878,41,3,3,8,598,11,556,20,3,1,7
100030029001,1,Block Group 1_ Tract 29,New Castle,793,14,727,37,5,4,6,534,14,492,24,1,2,1
100030029002,1,Block Group 2_ Tract 29,New Castle,784,66,640,56,2,3,17,541,63,431,34,2,3,8
100030021002,1,Block Group 2_ Tract 21,New Castle,903,52,680,118,40,2,11,706,51,516,90,39,1,9
100030021001,1,Block Group 1_ Tract 21,New Castle,944,34,744,144,3,1,18,586,31,456,79,3,1,16
100030022003,1,Block Group 3_ Tract 22,New Castle,912,21,443,437,1,2,8,589,16,296,274,0,2,1
100030022002,1,Block Group 2_ Tract 22,New Castle,910,73,462,348,7,2,18,610,66,304,225,4,2,9
100050511012,2,Block Group 2_ Tract 51101,Sussex,182,177,1,2,1,0,1,167,163,1,2,1,0,0
100050513013,2,Block Group 3_ Tract 51301,Sussex,1685,1613,13,28,7,2,22,1517,1463,10,19,7,2,16
100050512012,2,Block Group 2_ Tract 51201,Sussex,653,633,10,6,1,0,3,584,573,5,4,1,0,1
100050512021,2,Block Group 1_ Tract 51202,Sussex,782,756,3,12,2,1,8,734,713,3,9,2,1,6
100050512031,2,Block Group 1_ Tract 51203,Sussex,468,459,1,6,1,0,1,448,440,1,6,1,0,0
100050513032,2,Block Group 2_ Tract 51303,Sussex,1590,1485,12,57,12,2,22,1375,1298,9,43,8,1,16
100050510053,2,Block Group 3_ Tract 51005,Sussex,820,778,17,17,2,0,6,737,702,17,12,2,0,4
100050512043,2,Block Group 3_ Tract 51204,Sussex,107,98,0,9,0,0,0,100,95,0,5,0,0,0
100050512044,2,Block Group 4_ Tract 51204,Sussex,274,258,0,11,0,1,4,252,240,0,9,0,1,2
100050512034,2,Block Group 4_ Tract 51203,Sussex,210,186,2,20,1,0,1,192,174,2,14,1,0,1
100030127001,1,Block Group 1_ Tract 127,New Castle,1598,1114,275,178,1,2,28,1344,975,239,112,0,2,16
100030127005,1,Block Group 5_ Tract 127,New Castle,583,334,98,125,7,2,17,438,266,77,80,5,2,8
100030119001,1,Block Group 1_ Tract 119,New Castle,1499,1239,45,165,19,0,31,1066,904,33,101,18,0,10
100030139031,1,Block Group 1_ Tract 13903,New Castle,3232,1859,907,152,221,6,87,2333,1381,636,103,165,6,42
100030149093,1,Block Group 3_ Tract 14909,New Castle,884,617,154,80,20,5,8,701,509,114,56,15,2,5
100030119003,1,Block Group 3_ Tract 119,New Castle,972,800,32,25,101,0,14,705,595,16,17,73,0,4
100030023002,1,Block Group 2_ Tract 23,New Castle,936,37,543,335,2,2,17,654,25,392,229,2,2,4
100030023001,1,Block Group 1_ Tract 23,New Castle,1045,18,581,427,5,1,13,669,17,382,261,3,1,5
100030024001,1,Block Group 1_ Tract 24,New Castle,864,293,349,178,17,2,25,677,266,263,116,15,2,15
100030024003,1,Block Group 3_ Tract 24,New Castle,1211,402,472,268,18,0,51,940,371,363,158,16,0,32
100030024002,1,Block Group 2_ Tract 24,New Castle,1557,429,803,291,9,2,23,1186,367,609,186,9,2,13
100030025001,1,Block Group 1_ Tract 25,New Castle,1127,584,364,148,14,0,17,887,505,271,92,11,0,8
100030025002,1,Block Group 2_ Tract 25,New Castle,1123,424,192,489,2,3,13,799,339,131,316,2,1,10
100030026004,1,Block Group 4_ Tract 26,New Castle,874,238,362,244,5,3,22,645,225,254,149,5,1,11
100030026001,1,Block Group 1_ Tract 26,New Castle,790,162,387,225,1,2,13,547,137,261,141,1,1,6
100030026003,1,Block Group 3_ Tract 26,New Castle,1144,128,586,389,6,3,32,760,120,362,256,4,3,15
100030015002,1,Block Group 2_ Tract 15,New Castle,1527,375,932,166,9,5,40,1157,342,671,111,8,5,20
100050512033,2,Block Group 3_ Tract 51203,Sussex,83,78,0,4,0,0,1,72,68,0,3,0,0,1
100050512042,2,Block Group 2_ Tract 51204,Sussex,66,64,0,1,1,0,0,60,58,0,1,1,0,0
100050512032,2,Block Group 2_ Tract 51203,Sussex,79,78,0,1,0,0,0,70,69,0,1,0,0,0
100050513062,2,Block Group 2_ Tract 51306,Sussex,603,567,11,16,3,0,6,569,548,7,9,3,0,2
100050511023,2,Block Group 3_ Tract 51102,Sussex,323,292,6,16,0,0,9,284,262,3,12,0,0,7
100050517022,2,Block Group 2_ Tract 51702,Sussex,1862,1657,100,54,7,0,44,1389,1265,69,30,4,0,21
100050501042,2,Block Group 2_ Tract 50104,Sussex,2109,1414,331,303,7,4,50,1547,1111,225,176,6,4,25
100050504073,2,Block Group 3_ Tract 50407,Sussex,2203,1317,669,131,39,8,39,1690,1060,499,81,33,8,9
100050504082,2,Block Group 2_ Tract 50408,Sussex,1692,1035,483,133,1,3,37,1210,791,324,74,1,3,17
100050510052,2,Block Group 2_ Tract 51005,Sussex,794,741,12,6,26,0,9,681,642,11,5,17,0,6
100050510073,2,Block Group 3_ Tract 51007,Sussex,1372,1173,39,110,20,5,25,1209,1055,35,84,16,3,16
100050512011,2,Block Group 1_ Tract 51201,Sussex,614,585,3,19,4,1,2,547,521,3,17,3,1,2
100050512022,2,Block Group 2_ Tract 51202,Sussex,144,142,0,2,0,0,0,134,132,0,2,0,0,0
100030169041,1,Block Group 1_ Tract 16904,New Castle,2590,908,1678,1,1,1,1,2590,908,1678,1,1,1,1
100030169011,1,Block Group 1_ Tract 16901,New Castle,1110,1006,44,38,1,9,12,849,793,28,17,1,5,5
100030168042,1,Block Group 2_ Tract 16804,New Castle,918,700,141,34,27,0,16,546,425,98,13,5,0,5
100030168011,1,Block Group 1_ Tract 16801,New Castle,3977,2707,964,140,80,6,80,2694,1907,609,74,55,5,44
100030168012,1,Block Group 2_ Tract 16801,New Castle,1770,1602,98,44,9,1,16,1393,1265,85,24,8,1,10
100030136123,1,Block Group 3_ Tract 13612,New Castle,1999,1658,71,36,199,3,32,1664,1412,58,24,151,3,16
100030136133,1,Block Group 3_ Tract 13613,New Castle,1887,1621,102,71,58,0,35,1475,1295,78,47,39,0,16
100030136132,1,Block Group 2_ Tract 13613,New Castle,2392,1730,207,110,304,3,38,1871,1388,172,67,217,2,25
100030119002,1,Block Group 2_ Tract 119,New Castle,867,796,8,13,45,0,5,688,635,5,9,39,0,0
100030112032,1,Block Group 2_ Tract 11203,New Castle,742,686,15,11,16,0,14,590,553,15,5,12,0,5
100030101011,1,Block Group 1_ Tract 10101,New Castle,816,422,277,86,9,1,21,581,339,174,54,6,1,7
100030103003,1,Block Group 3_ Tract 103,New Castle,224,167,33,12,5,0,7,183,140,25,9,5,0,4
100030101041,1,Block Group 1_ Tract 10104,New Castle,2039,1088,601,234,88,5,23,1602,909,457,153,69,5,9
100030103002,1,Block Group 2_ Tract 103,New Castle,1577,837,493,118,93,3,33,1133,678,306,69,61,2,17
100030164041,1,Block Group 1_ Tract 16404,New Castle,1249,904,244,57,18,2,24,925,679,186,33,13,2,12
100059900000,2,Block Group 0_ Tract 99,Sussex,0,0,0,0,0,0,0,0,0,0,0,0,0,0
100030150004,1,Block Group 4_ Tract 15,New Castle,1528,822,382,220,46,5,53,1143,663,266,146,34,4,30
100030147052,1,Block Group 2_ Tract 14705,New Castle,1682,1198,209,145,76,3,51,1286,957,153,94,53,3,26
100030136122,1,Block Group 2_ Tract 13612,New Castle,1587,1391,14,43,118,3,18,1212,1077,12,28,87,3,5
100030136121,1,Block Group 1_ Tract 13612,New Castle,2574,1967,94,45,427,2,39,1818,1418,72,25,285,2,16
100030136131,1,Block Group 1_ Tract 13613,New Castle,1247,1141,16,18,55,3,14,993,916,13,12,43,3,6
100030147053,1,Block Group 3_ Tract 14705,New Castle,2588,1631,539,196,122,3,97,2065,1378,419,126,93,2,47
100030155022,1,Block Group 2_ Tract 15502,New Castle,797,423,245,101,5,1,22,604,359,171,60,3,1,10
100039901000,1,Block Group 0_ Tract 9901,New Castle,0,0,0,0,0,0,0,0,0,0,0,0,0,0
100030129003,1,Block Group 3_ Tract 129,New Castle,1362,886,203,229,15,1,28,1021,732,134,135,8,1,11
100030123002,1,Block Group 2_ Tract 123,New Castle,1206,495,303,293,52,3,60,912,428,224,181,40,3,36
100030123001,1,Block Group 1_ Tract 123,New Castle,1405,1089,67,199,28,3,19,1130,913,46,131,25,3,12
100030101013,1,Block Group 3_ Tract 10101,New Castle,1702,662,600,180,206,5,49,1434,630,466,119,180,4,35
100030112033,1,Block Group 3_ Tract 11203,New Castle,2040,1108,641,68,174,3,46,1652,962,482,48,132,3,25
100030159003,1,Block Group 3_ Tract 159,New Castle,1247,606,410,177,15,6,33,967,506,307,116,11,5,22
100030105022,1,Block Group 2_ Tract 10502,New Castle,1193,1062,68,33,15,1,14,960,868,52,20,11,1,8
100030135031,1,Block Group 1_ Tract 13503,New Castle,2271,1775,67,120,255,3,51,1675,1371,48,62,175,3,16
100030126003,1,Block Group 3_ Tract 126,New Castle,909,804,12,73,17,0,3,720,647,11,50,11,0,1
100030101012,1,Block Group 2_ Tract 10101,New Castle,2055,609,1095,221,47,10,73,1330,486,644,125,32,4,39
100030101042,1,Block Group 2_ Tract 10104,New Castle,1383,746,501,78,33,2,23,1063,614,359,49,25,2,14
100030102002,1,Block Group 2_ Tract 102,New Castle,891,641,185,43,12,0,10,722,537,142,26,11,0,6
100030105024,1,Block Group 4_ Tract 10502,New Castle,1420,798,374,51,160,0,37,1231,734,302,38,131,0,26
100030107022,1,Block Group 2_ Tract 10702,New Castle,1272,524,640,63,5,3,37,841,407,371,40,5,3,15
100030019021,1,Block Group 1_ Tract 1902,New Castle,656,25,603,21,0,1,6,453,19,422,9,0,0,3
100039801001,1,Block Group 1_ Tract 9801,New Castle,0,0,0,0,0,0,0,0,0,0,0,0,0,0
100030116002,1,Block Group 2_ Tract 116,New Castle,2223,1960,77,60,89,1,36,1710,1537,59,33,67,1,13
100030116001,1,Block Group 1_ Tract 116,New Castle,1058,884,27,55,77,2,13,824,693,21,40,63,2,5
100030102001,1,Block Group 1_ Tract 102,New Castle,1091,793,201,63,21,0,13,861,655,144,40,15,0,7
100030103001,1,Block Group 1_ Tract 103,New Castle,1060,834,144,28,35,4,15,841,687,99,18,25,4,8
100030104002,1,Block Group 2_ Tract 104,New Castle,1092,884,141,38,11,4,14,864,735,89,22,8,4,6
100030104003,1,Block Group 3_ Tract 104,New Castle,1935,1395,194,55,236,5,50,1560,1159,155,39,178,3,26
100030104001,1,Block Group 1_ Tract 104,New Castle,640,545,36,26,21,1,11,517,444,30,20,17,1,5
100030148081,1,Block Group 1_ Tract 14808,New Castle,1402,935,146,162,117,10,32,1017,713,106,99,81,8,10
100030148082,1,Block Group 2_ Tract 14808,New Castle,1371,947,270,86,33,1,34,1088,783,209,52,26,1,17
100030108003,1,Block Group 3_ Tract 108,New Castle,913,611,172,54,57,0,19,701,483,137,34,38,0,9
100030137003,1,Block Group 3_ Tract 137,New Castle,738,667,32,19,16,0,4,587,533,25,15,13,0,1
100030137002,1,Block Group 2_ Tract 137,New Castle,2141,663,614,702,98,0,64,1556,565,448,421,86,0,36
100030136104,1,Block Group 4_ Tract 1361,New Castle,626,597,7,10,11,0,1,479,457,6,6,9,0,1
100030136151,1,Block Group 1_ Tract 13615,New Castle,1653,1308,167,69,72,8,29,1361,1110,127,47,59,5,13
100030136152,1,Block Group 2_ Tract 13615,New Castle,643,561,19,32,22,4,5,527,468,15,20,17,4,3
100030108002,1,Block Group 2_ Tract 108,New Castle,2600,2161,181,74,140,5,39,2120,1780,157,49,108,4,22
100030108001,1,Block Group 1_ Tract 108,New Castle,1118,919,98,45,34,4,18,929,772,82,36,27,4,8
100030109003,1,Block Group 3_ Tract 109,New Castle,649,607,28,10,1,0,3,539,506,22,8,0,0,3
100030109002,1,Block Group 2_ Tract 109,New Castle,1209,1118,24,23,18,3,23,923,869,24,9,12,2,7
100030109001,1,Block Group 1_ Tract 109,New Castle,887,786,37,10,39,0,15,691,608,33,10,32,0,8
100030110002,1,Block Group 2_ Tract 11,New Castle,1088,804,179,34,49,0,22,825,626,129,26,37,0,7
100030135052,1,Block Group 2_ Tract 13505,New Castle,2366,2047,65,30,190,2,32,1824,1585,52,21,144,2,20
100030131001,1,Block Group 1_ Tract 131,New Castle,1158,672,128,309,15,1,33,867,558,81,199,13,1,15
100030131003,1,Block Group 3_ Tract 131,New Castle,660,578,12,57,5,0,8,528,478,6,38,2,0,4
100030131002,1,Block Group 2_ Tract 131,New Castle,784,644,31,62,24,3,20,605,533,18,26,16,3,9
100030136042,1,Block Group 2_ Tract 13604,New Castle,1654,1538,32,35,28,0,21,1303,1218,29,24,20,0,12
100030136043,1,Block Group 3_ Tract 13604,New Castle,1300,934,96,157,92,2,19,979,728,64,105,67,2,13
100030135061,1,Block Group 1_ Tract 13506,New Castle,855,761,41,13,35,0,5,675,610,34,7,24,0,0
100030136073,1,Block Group 3_ Tract 13607,New Castle,1979,1305,128,196,293,3,54,1605,1154,93,132,197,3,26
100030136103,1,Block Group 3_ Tract 1361,New Castle,3018,2526,93,70,285,4,40,2370,1983,86,49,226,4,22
100030136102,1,Block Group 2_ Tract 1361,New Castle,969,734,43,20,156,0,16,707,530,30,14,126,0,7
100030138002,1,Block Group 2_ Tract 138,New Castle,894,649,178,31,22,1,13,745,543,152,24,18,1,7
100030140002,1,Block Group 2_ Tract 14,New Castle,1202,587,323,209,41,6,36,926,486,254,130,35,3,18
100030140003,1,Block Group 3_ Tract 14,New Castle,1332,541,406,197,118,12,58,1030,464,305,129,93,9,30
100030110003,1,Block Group 3_ Tract 11,New Castle,1070,956,50,21,34,2,7,839,759,43,13,18,2,4
100030110001,1,Block Group 1_ Tract 11,New Castle,1005,887,60,31,18,0,9,792,712,42,17,15,0,6
100030111002,1,Block Group 2_ Tract 111,New Castle,2052,1811,102,39,74,7,19,1642,1457,88,24,59,3,11
100030112021,1,Block Group 1_ Tract 11202,New Castle,2697,2314,151,52,123,5,52,2100,1825,121,31,94,5,24
100030112022,1,Block Group 2_ Tract 11202,New Castle,1205,853,105,28,204,2,13,973,730,74,22,142,2,3
100030129002,1,Block Group 2_ Tract 129,New Castle,1201,998,48,130,12,0,13,998,852,43,84,10,0,9
100030122002,1,Block Group 2_ Tract 122,New Castle,920,108,380,410,3,0,19,600,89,258,239,3,0,11
100030122001,1,Block Group 1_ Tract 122,New Castle,920,681,72,148,7,0,12,735,582,54,86,5,0,8
100030122003,1,Block Group 3_ Tract 122,New Castle,892,726,56,90,10,4,6,727,608,42,61,9,4,3
100030125006,1,Block Group 6_ Tract 125,New Castle,1106,924,56,102,7,0,17,888,767,46,62,7,0,6
100030125003,1,Block Group 3_ Tract 125,New Castle,932,619,49,243,1,2,18,722,516,39,157,1,2,7
100030132001,1,Block Group 1_ Tract 132,New Castle,882,690,10,159,6,2,15,683,577,6,92,5,0,3
100030132003,1,Block Group 3_ Tract 132,New Castle,1012,588,175,202,12,1,34,744,478,122,115,11,1,17
100030132002,1,Block Group 2_ Tract 132,New Castle,803,460,38,289,8,1,7,601,384,30,177,6,1,3
100030133002,1,Block Group 2_ Tract 133,New Castle,876,755,34,61,19,0,7,696,604,32,43,12,0,5
100030133001,1,Block Group 1_ Tract 133,New Castle,991,797,34,136,13,1,10,806,686,19,87,12,1,1
100030134001,1,Block Group 1_ Tract 134,New Castle,924,835,51,13,14,4,7,765,696,42,10,10,4,3
100030140001,1,Block Group 1_ Tract 14,New Castle,847,616,91,93,21,0,26,677,512,72,65,19,0,9
100030138003,1,Block Group 3_ Tract 138,New Castle,2322,902,359,138,857,6,60,1841,778,260,106,664,3,30
100030139043,1,Block Group 3_ Tract 13904,New Castle,675,418,134,63,43,0,17,524,340,97,44,32,0,11
100030149062,1,Block Group 2_ Tract 14906,New Castle,3065,796,1539,277,336,5,112,2193,654,1068,170,237,5,59
100030139044,1,Block Group 4_ Tract 13904,New Castle,3005,1585,802,206,301,9,102,2294,1328,569,119,222,4,52
100030148051,1,Block Group 1_ Tract 14805,New Castle,1548,960,396,81,57,6,48,1170,762,294,46,42,6,20
100030112031,1,Block Group 1_ Tract 11203,New Castle,1823,1348,127,59,252,8,29,1471,1122,102,43,188,3,13
100030112042,1,Block Group 2_ Tract 11204,New Castle,1982,1729,111,33,100,0,9,1618,1420,95,25,77,0,1
100030112041,1,Block Group 1_ Tract 11204,New Castle,1327,991,229,30,44,0,33,1079,838,178,17,31,0,15
100030112052,1,Block Group 2_ Tract 11205,New Castle,811,697,37,16,49,1,11,638,552,30,11,36,1,8
100030112051,1,Block Group 1_ Tract 11205,New Castle,1213,1072,44,18,67,1,11,907,812,31,12,45,1,6
100030112062,1,Block Group 2_ Tract 11206,New Castle,2639,2265,147,44,135,2,46,2065,1796,115,30,105,2,17
100030125005,1,Block Group 5_ Tract 125,New Castle,798,615,27,138,1,0,17,622,499,20,94,1,0,8
100030125004,1,Block Group 4_ Tract 125,New Castle,717,559,27,116,6,0,9,550,448,23,69,5,0,5
100030125002,1,Block Group 2_ Tract 125,New Castle,987,394,167,378,26,2,20,717,342,109,233,19,2,12
100030129001,1,Block Group 1_ Tract 129,New Castle,2157,318,722,1047,5,5,60,1414,275,486,624,4,4,21
100030125001,1,Block Group 1_ Tract 125,New Castle,870,693,86,77,6,0,8,712,594,67,44,4,0,3
100030163012,1,Block Group 2_ Tract 16301,New Castle,3211,1821,828,236,236,9,81,2483,1471,626,159,176,7,44
100030163011,1,Block Group 1_ Tract 16301,New Castle,1842,1491,149,134,18,5,45,1481,1242,116,84,14,4,21
100030134002,1,Block Group 2_ Tract 134,New Castle,1003,912,10,56,11,0,14,800,742,6,38,9,0,5
100030134003,1,Block Group 3_ Tract 134,New Castle,678,528,49,60,21,2,18,523,420,34,39,18,2,10
100030136041,1,Block Group 1_ Tract 13604,New Castle,1120,947,46,54,51,2,20,847,741,34,28,38,0,6
100030164042,1,Block Group 2_ Tract 16404,New Castle,864,671,122,23,13,1,34,677,537,102,15,10,1,12
100030164043,1,Block Group 3_ Tract 16404,New Castle,875,743,64,37,4,0,27,679,601,42,19,3,0,14
100030136081,1,Block Group 1_ Tract 13608,New Castle,877,792,29,29,23,0,4,688,624,23,20,19,0,2
100030136082,1,Block Group 2_ Tract 13608,New Castle,1014,721,80,147,42,0,24,775,570,63,97,33,0,12
100030143001,1,Block Group 1_ Tract 143,New Castle,1600,1438,54,28,69,4,7,1279,1155,48,18,54,2,2
100030148052,1,Block Group 2_ Tract 14805,New Castle,2660,1778,529,66,228,12,47,2010,1403,380,42,152,10,23
100030148101,1,Block Group 1_ Tract 1481,New Castle,2471,1930,283,85,117,2,54,1862,1484,210,65,78,2,23
100030148054,1,Block Group 4_ Tract 14805,New Castle,3516,2076,666,141,517,14,102,2353,1411,474,88,330,11,39
100050505031,2,Block Group 1_ Tract 50503,Sussex,3743,894,379,2381,22,14,53,2486,727,288,1434,12,9,16
100050505011,2,Block Group 1_ Tract 50501,Sussex,1232,984,79,108,22,10,29,935,777,54,64,19,8,13
100050505042,2,Block Group 2_ Tract 50504,Sussex,1814,643,353,780,12,1,25,1227,510,220,481,8,1,7
100050517023,2,Block Group 3_ Tract 51702,Sussex,2213,1873,199,75,16,6,44,1694,1466,141,44,15,6,22
100050513021,2,Block Group 1_ Tract 51302,Sussex,1433,1196,121,74,11,1,30,1189,1010,99,53,9,1,17
100050517021,2,Block Group 1_ Tract 51702,Sussex,1538,1386,53,56,13,2,28,1206,1106,43,32,12,2,11
100050518021,2,Block Group 1_ Tract 51802,Sussex,2377,1094,968,176,31,12,96,1648,878,615,95,28,3,29
100030112061,1,Block Group 1_ Tract 11206,New Castle,1548,1377,47,15,80,2,27,1194,1069,36,12,68,1,8
100030113001,1,Block Group 1_ Tract 113,New Castle,1531,1342,90,13,67,0,19,1293,1142,79,11,52,0,9
100030113002,1,Block Group 2_ Tract 113,New Castle,836,739,47,14,35,0,1,622,545,39,8,30,0,0
100030114001,1,Block Group 1_ Tract 114,New Castle,719,619,34,25,30,1,10,535,464,30,14,21,1,5
100030114002,1,Block Group 2_ Tract 114,New Castle,1114,1016,47,6,35,1,9,897,828,36,4,24,1,4
100030114003,1,Block Group 3_ Tract 114,New Castle,1525,1390,45,30,45,6,9,1217,1122,36,18,33,4,4
100030112012,1,Block Group 2_ Tract 11201,New Castle,1231,763,76,31,328,7,26,1012,637,64,22,266,2,21
100030163053,1,Block Group 3_ Tract 16305,New Castle,1257,520,528,170,13,0,26,981,432,412,114,9,0,14
100030139032,1,Block Group 2_ Tract 13903,New Castle,1751,1121,353,116,107,1,53,1336,878,257,80,87,0,34
100030127004,1,Block Group 4_ Tract 127,New Castle,664,541,38,72,8,1,4,542,464,28,41,6,1,2
100030159002,1,Block Group 2_ Tract 159,New Castle,870,557,144,143,9,0,17,673,454,106,94,8,0,11
100030148072,1,Block Group 2_ Tract 14807,New Castle,3676,2500,639,216,228,8,85,2618,1835,454,135,152,6,36
100030124002,1,Block Group 2_ Tract 124,New Castle,952,601,90,236,8,0,17,726,507,64,144,8,0,3
100030136071,1,Block Group 1_ Tract 13607,New Castle,2178,1705,95,92,228,1,57,1795,1445,83,68,165,0,34
100030136072,1,Block Group 2_ Tract 13607,New Castle,900,721,75,45,51,0,8,784,641,64,34,41,0,4
100030136074,1,Block Group 4_ Tract 13607,New Castle,872,652,79,35,89,0,17,654,498,63,28,55,0,10
100030130001,1,Block Group 1_ Tract 13,New Castle,1012,876,41,79,2,3,11,808,720,26,54,2,3,3
100030130002,1,Block Group 2_ Tract 13,New Castle,811,653,36,82,22,4,14,624,525,26,46,18,3,6
100030164012,1,Block Group 2_ Tract 16401,New Castle,4270,2439,1277,218,223,5,108,3116,1875,896,144,150,5,46
100030166011,1,Block Group 1_ Tract 16601,New Castle,3809,3236,350,109,58,2,54,2520,2138,254,61,36,2,29
100030148053,1,Block Group 3_ Tract 14805,New Castle,2491,1967,223,77,175,8,41,1640,1316,155,43,105,3,18
100030148091,1,Block Group 1_ Tract 14809,New Castle,4318,2294,1355,215,312,13,129,3238,1865,940,141,221,9,62
100030148092,1,Block Group 2_ Tract 14809,New Castle,2346,1838,348,77,49,7,27,1838,1468,269,45,36,6,14
100050518022,2,Block Group 2_ Tract 51802,Sussex,1813,1330,287,129,8,1,58,1340,1033,191,80,8,1,27
100050519002,2,Block Group 2_ Tract 519,Sussex,2787,2164,367,104,47,11,94,2071,1677,262,61,35,8,28
100050519001,2,Block Group 1_ Tract 519,Sussex,1778,1386,295,42,15,10,30,1347,1068,223,32,9,4,11
100050508021,2,Block Group 1_ Tract 50802,Sussex,1970,1609,188,135,6,7,25,1584,1338,143,80,4,6,13
100050508034,2,Block Group 4_ Tract 50803,Sussex,1892,1560,198,77,21,8,28,1478,1231,157,57,14,7,12
100050510033,2,Block Group 3_ Tract 51003,Sussex,1417,963,336,84,23,1,10,1093,819,194,59,14,0,7
100050504063,2,Block Group 3_ Tract 50406,Sussex,2205,828,965,307,26,10,69,1629,720,659,199,22,7,22
100050504031,2,Block Group 1_ Tract 50403,Sussex,3403,2163,602,484,33,19,102,2492,1712,402,301,26,16,35
100050510071,2,Block Group 1_ Tract 51007,Sussex,1735,1630,11,57,29,1,7,1543,1456,9,47,24,1,6
100050518012,2,Block Group 2_ Tract 51801,Sussex,2652,1741,596,184,16,18,97,1896,1390,333,113,13,13,34
100050518011,2,Block Group 1_ Tract 51801,Sussex,2230,1994,102,58,25,3,48,1739,1595,73,28,24,3,16
100050506012,2,Block Group 2_ Tract 50601,Sussex,2338,1737,338,208,14,6,35,1804,1380,274,120,12,6,12
100050506021,2,Block Group 1_ Tract 50602,Sussex,2063,1716,149,88,52,6,52,1660,1394,135,61,41,6,23
100050501041,2,Block Group 1_ Tract 50104,Sussex,1188,1000,79,86,4,1,18,967,841,54,59,1,1,11
100050501052,2,Block Group 2_ Tract 50105,Sussex,2196,1066,813,248,8,7,54,1595,851,561,144,8,7,24
100050501043,2,Block Group 3_ Tract 50104,Sussex,1014,412,135,444,4,2,17,719,325,87,297,2,2,6
100050502002,2,Block Group 2_ Tract 502,Sussex,2274,1346,660,200,11,6,51,1650,1046,464,103,9,5,23
100050502001,2,Block Group 1_ Tract 502,Sussex,921,568,230,107,0,4,12,704,464,166,61,0,4,9
100030117002,1,Block Group 2_ Tract 117,New Castle,793,750,7,17,6,0,13,633,603,7,10,4,0,9
100030117001,1,Block Group 1_ Tract 117,New Castle,1295,1207,4,32,42,3,7,985,920,4,25,30,2,4
100030117003,1,Block Group 3_ Tract 117,New Castle,826,771,18,10,17,2,8,673,627,16,9,16,1,4
100030111001,1,Block Group 1_ Tract 111,New Castle,621,589,6,8,7,2,9,542,520,6,6,4,2,4
100030104004,1,Block Group 4_ Tract 104,New Castle,823,695,75,30,21,0,2,669,575,57,20,16,0,1
100030107023,1,Block Group 3_ Tract 10702,New Castle,1964,1002,784,106,29,1,42,1696,921,642,74,27,1,31
100030124003,1,Block Group 3_ Tract 124,New Castle,1044,495,175,355,5,2,12,719,408,103,194,5,2,7
100030124004,1,Block Group 4_ Tract 124,New Castle,1082,835,41,152,15,1,38,840,673,30,102,13,1,21
100030166082,1,Block Group 2_ Tract 16608,New Castle,2446,2196,136,53,23,3,35,1825,1656,103,32,14,3,17
100030166022,1,Block Group 2_ Tract 16602,New Castle,3676,2840,511,109,140,14,62,2488,1972,333,55,100,9,19
100030166021,1,Block Group 1_ Tract 16602,New Castle,2780,2356,268,82,38,2,34,2038,1747,186,55,29,2,19
100030166043,1,Block Group 3_ Tract 16604,New Castle,2966,1764,713,235,184,1,69,2049,1279,488,143,114,1,24
100030149041,1,Block Group 1_ Tract 14904,New Castle,2291,1228,528,161,313,10,51,1858,1024,433,121,246,9,25
100030149091,1,Block Group 1_ Tract 14909,New Castle,2119,473,1207,310,59,5,65,1456,392,807,190,43,2,22
100030168041,1,Block Group 1_ Tract 16804,New Castle,5910,4211,1225,208,118,12,136,4038,2983,806,117,79,8,45
100030169012,1,Block Group 2_ Tract 16901,New Castle,1125,1055,14,37,3,9,7,874,825,11,26,1,6,5
100030136113,1,Block Group 3_ Tract 13611,New Castle,1125,943,51,26,97,0,8,850,707,46,17,77,0,3
100030164011,1,Block Group 1_ Tract 16401,New Castle,1558,1077,270,61,129,0,21,1143,829,180,36,86,0,12
100030139011,1,Block Group 1_ Tract 13901,New Castle,1323,656,333,170,97,5,62,1023,535,270,109,77,5,27
100030139013,1,Block Group 3_ Tract 13901,New Castle,808,541,186,41,30,2,8,621,425,143,24,23,2,4
100030139012,1,Block Group 2_ Tract 13901,New Castle,702,579,30,78,9,0,6,552,473,21,47,9,0,2
100030139042,1,Block Group 2_ Tract 13904,New Castle,1030,545,314,78,25,1,67,773,451,215,51,23,1,32
100030148103,1,Block Group 3_ Tract 1481,New Castle,2279,1024,848,206,110,4,87,1667,812,597,146,82,1,29
100030148083,1,Block Group 3_ Tract 14808,New Castle,2809,1329,979,283,128,4,86,2112,1086,700,181,103,2,40
100030148071,1,Block Group 1_ Tract 14807,New Castle,1791,1156,205,59,320,0,51,1231,828,140,37,206,0,20
100030149073,1,Block Group 3_ Tract 14907,New Castle,1130,353,583,109,43,0,42,791,293,383,68,32,0,15
100030149072,1,Block Group 2_ Tract 14907,New Castle,1717,690,703,243,23,1,57,1255,571,489,148,21,1,25
100030149071,1,Block Group 1_ Tract 14907,New Castle,1996,979,700,164,77,5,71,1496,805,490,107,56,5,33
